"lambda","H_o","a_oz","a_w","a_o"
350,0.92256,0.009,0.1,0.1
351,0.91488,0.012,0.1,0.1
352,0.91104,0.009,0.1,0.1
353,1.01376,0.006,0.1,0.1
354,1.07712,0.004,0.1,0.1
355,1.03488,0.002,0.1,0.1
356,1.00512,0.002,0.1,0.1
357,0.84384,0.001,0.1,0.1
358,0.72192,0.001,0.1,0.1
359,0.88224,0.001,0.1,0.1
360,1.01952,0,0.1,0.1
361,1.01184,0,0.1,0.1
362,1.00512,0,0.1,0.1
363,0.98304,0,0.1,0.1
364,0.95808,0,0.1,0.1
365,1.06368,0,0.1,0.1
366,1.20864,0,0.1,0.1
367,1.17216,0,0.1,0.1
368,1.10976,0,0.1,0.1
369,1.13664,0,0.1,0.1
370,1.14912,0,0.1,0.1
371,1.11552,0,0.1,0.1
372,1.09824,0,0.1,0.1
373,0.98592,0,0.1,0.1
374,0.91488,0,0.1,0.1
375,0.96384,0,0.1,0.1
376,0.96384,0,0.1,0.1
377,1.26432,0,0.1,0.1
378,1.26432,0,0.1,0.1
379,1.09536,0,0.1,0.1
380,1.09344,0,0.1,0.1
381,1.0704,0,0.1,0.1
382,1.03968,0,0.1,0.1
383,0.78816,0,0.1,0.1
384,0.82368,0,0.1,0.1
385,0.98784,0,0.1,0.1
386,0.98496,0,0.1,0.1
387,0.9552,0,0.1,0.1
388,0.9696,0,0.1,0.1
389,1.0992,0,0.1,0.1
420,1.65504,0,0.1,0.1
421,1.75008,0,0.1,0.1
422,1.6896,0,0.1,0.1
423,1.59072,0,0.1,0.1
424,1.62528,0,0.1,0.1
425,1.67808,0,0.1,0.1
426,1.62336,0,0.1,0.1
427,1.60608,0,0.1,0.1
428,1.58976,0.001,0.1,0.1
429,1.584,0.001,0.1,0.1
430,1.35072,0.001,0.1,0.1
431,1.29696,0.001,0.1,0.1
432,1.65792,0.001,0.1,0.1
433,1.7328,0.002,0.1,0.1
434,1.6224,0.002,0.1,0.1
435,1.69632,0.002,0.1,0.1
436,1.7616,0.002,0.1,0.1
437,1.7712,0.002,0.1,0.1
438,1.72032,0.002,0.1,0.1
439,1.60608,0.003,0.1,0.1
440,1.64256,0.003,0.1,0.1
441,1.72416,0.003,0.1,0.1
442,1.81632,0.003,0.1,0.1
443,1.87872,0.003,0.1,0.1
444,1.88256,0.003,0.1,0.1
445,1.88448,0.003,0.1,0.1
446,1.78176,0.003,0.1,0.1
447,1.79904,0.003,0.1,0.1
448,1.95456,0.003,0.1,0.1
449,1.97184,0.003,0.1,0.1
450,2.0496,0.003,0.1,0.1
451,2.02656,0.003,0.1,0.1
452,1.92384,0.004,0.1,0.1
453,1.92672,0.004,0.1,0.1
454,1.94304,0.005,0.1,0.1
455,1.9488,0.005,0.1,0.1
456,1.98336,0.006,0.1,0.1
457,1.9776,0.007,0.1,0.1
458,1.94688,0.007,0.1,0.1
459,1.94688,0.008,0.1,0.1
490,1.86048,0.018,0.1,0.1
491,1.824,0.019,0.1,0.1
492,1.83264,0.019,0.1,0.1
493,1.86336,0.02,0.1,0.1
494,1.87584,0.021,0.1,0.1
495,1.92288,0.022,0.1,0.1
496,1.92288,0.023,0.1,0.1
497,1.92288,0.024,0.1,0.1
498,1.89408,0.025,0.1,0.1
499,1.85568,0.026,0.1,0.1
500,1.79616,0.028,0.1,0.1
501,1.75872,0.03,0.1,0.1
502,1.8144,0.032,0.1,0.1
503,1.85088,0.034,0.1,0.1
504,1.848,0.036,0.1,0.1
505,1.84704,0.038,0.1,0.1
506,1.87776,0.039,0.1,0.1
507,1.89792,0.041,0.1,0.1
508,1.87488,0.041,0.1,0.1
509,1.86336,0.041,0.1,0.1
510,1.86144,0.04,0.1,0.1
511,1.86144,0.039,0.1,0.1
512,1.83648,0.038,0.1,0.1
513,1.824,0.037,0.1,0.1
514,1.79712,0.037,0.1,0.1
515,1.78368,0.038,0.1,0.1
516,1.67424,0.039,0.1,0.1
517,1.62048,0.041,0.1,0.1
518,1.656,0.042,0.1,0.1
519,1.67328,0.044,0.1,0.1
520,1.75488,0.045,0.1,0.1
521,1.78752,0.047,0.1,0.1
522,1.81536,0.049,0.1,0.1
523,1.83168,0.051,0.1,0.1
524,1.84512,0.052,0.1,0.1
525,1.79808,0.054,0.1,0.1
526,1.76928,0.056,0.1,0.1
527,1.76064,0.058,0.1,0.1
528,1.7568,0.059,0.1,0.1
529,1.84416,0.061,0.1,0.1
560,1.75008,0.096,0,0
561,1.75104,0.098,0,0
562,1.7856,0.1,0,0
563,1.79328,0.103,0,0
564,1.77408,0.105,0,0
565,1.77024,0.107,0,0
566,1.77024,0.109,0.006,0
567,1.77024,0.112,0.014,0
568,1.77792,0.113,0.022,0
569,1.77888,0.115,0.03,0
570,1.7328,0.116,0.034,0
571,1.72704,0.117,0.032,0
572,1.80864,0.118,0.027,0
573,1.81824,0.119,0.022,0
574,1.78656,0.119,0.016,0
575,1.78272,0.119,0.012,0
576,1.78272,0.119,0.01,0
577,1.78272,0.119,0.011,0
578,1.74912,0.119,0.01,0
579,1.75008,0.118,0.008,0
580,1.77792,0.117,0,0
581,1.77888,0.116,0,0
582,1.79136,0.115,0,0
583,1.79136,0.114,0,0
584,1.78656,0.112,0,0
585,1.78464,0.111,0.003,0
586,1.7376,0.11,0.123,0
587,1.73568,0.109,0.284,0
588,1.6944,0.109,0.454,0
589,1.6944,0.108,0.605,0
590,1.69056,0.108,0.7,0
591,1.69536,0.109,0.697,0
592,1.72512,0.11,0.636,0
593,1.72512,0.112,0.549,0
594,1.72224,0.113,0.454,0
595,1.72608,0.115,0.361,0
596,1.74528,0.117,0.278,0
597,1.7376,0.119,0.202,0
598,1.69248,0.121,0.132,0
599,1.69056,0.122,0.069,0
630,1.58976,0.09,0.005,0.011
631,1.5888,0.089,0.004,0.01
632,1.58784,0.088,0.003,0.008
633,1.58784,0.086,0.002,0.005
634,1.58784,0.085,0.001,0.002
635,1.59168,0.083,0,0
636,1.59456,0.082,0,0
637,1.59552,0.081,0.001,0
638,1.59648,0.079,0.001,0
639,1.57728,0.078,0.002,0
640,1.5648,0.077,0.001,0
641,1.55712,0.075,0,0
642,1.55136,0.074,0,0
643,1.55904,0.073,0,0
644,1.56384,0.071,0,0
645,1.55424,0.07,0.011,0
646,1.54752,0.068,0.038,0
647,1.54656,0.067,0.074,0
648,1.5456,0.066,0.112,0
649,1.51872,0.065,0.147,0
650,1.50144,0.064,0.173,0
651,1.5216,0.063,0.181,0
652,1.536,0.062,0.179,0
653,1.53504,0.061,0.171,0
654,1.53408,0.06,0.16,0
655,1.40352,0.059,0.142,0
656,1.31616,0.058,0.117,0
657,1.32192,0.057,0.087,0
658,1.3584,0.056,0.057,0
659,1.4016,0.056,0.029,0
660,1.4448,0.055,0.008,0
661,1.48608,0.054,0,0
662,1.51776,0.053,0,0
663,1.52064,0.052,0,0
664,1.51296,0.051,0,0
665,1.50336,0.051,0.001,0
666,1.49472,0.05,0.002,0
667,1.488,0.049,0.002,0
668,1.48128,0.048,0.001,0
669,1.47552,0.047,0.001,0
390,1.10592,0,0.1,0.1
391,1.21248,0,0.1,0.1
392,1.0704,0,0.1,0.1
393,0.70368,0,0.1,0.1
394,0.81792,0,0.1,0.1
395,1.2,0,0.1,0.1
396,1.02816,0,0.1,0.1
397,0.81888,0,0.1,0.1
398,1.2,0,0.1,0.1
399,1.512,0,0.1,0.1
400,1.60704,0,0.1,0.1
401,1.65216,0,0.1,0.1
402,1.72704,0,0.1,0.1
403,1.65024,0,0.1,0.1
404,1.57248,0,0.1,0.1
405,1.58496,0,0.1,0.1
406,1.59648,0,0.1,0.1
407,1.61376,0,0.1,0.1
408,1.63008,0,0.1,0.1
409,1.584,0,0.1,0.1
410,1.55616,0,0.1,0.1
411,1.6704,0,0.1,0.1
412,1.73952,0,0.1,0.1
413,1.6848,0,0.1,0.1
414,1.6704,0,0.1,0.1
415,1.70976,0,0.1,0.1
416,1.71936,0,0.1,0.1
417,1.6464,0,0.1,0.1
418,1.63296,0,0.1,0.1
419,1.59648,0,0.1,0.1
460,1.94784,0.008,0.1,0.1
461,1.95744,0.009,0.1,0.1
462,2.01696,0.009,0.1,0.1
463,2.00256,0.009,0.1,0.1
464,1.91232,0.009,0.1,0.1
465,1.90752,0.008,0.1,0.1
466,1.88064,0.008,0.1,0.1
467,1.88736,0.007,0.1,0.1
468,1.9296,0.007,0.1,0.1
469,1.92096,0.007,0.1,0.1
470,1.86816,0.007,0.1,0.1
471,1.87872,0.008,0.1,0.1
472,1.94112,0.009,0.1,0.1
473,1.944,0.01,0.1,0.1
474,1.95648,0.011,0.1,0.1
475,1.94784,0.012,0.1,0.1
476,1.90272,0.013,0.1,0.1
477,1.91616,0.014,0.1,0.1
478,1.98048,0.015,0.1,0.1
479,1.98144,0.017,0.1,0.1
480,1.98432,0.018,0.1,0.1
481,1.9824,0.019,0.1,0.1
482,1.97184,0.02,0.1,0.1
483,1.96512,0.02,0.1,0.1
484,1.93056,0.021,0.1,0.1
485,1.872,0.02,0.1,0.1
486,1.61952,0.02,0.1,0.1
487,1.65408,0.019,0.1,0.1
488,1.79904,0.019,0.1,0.1
489,1.87104,0.018,0.1,0.1
530,1.88064,0.063,0.1,0.1
531,1.87392,0.064,0.1,0.1
532,1.87008,0.066,0.1,0.1
533,1.79712,0.068,0.1,0.1
534,1.78464,0.069,0.1,0.1
535,1.87296,0.07,0.1,0.1
536,1.86336,0.071,0.1,0.1
537,1.78656,0.072,0.1,0.1
538,1.78368,0.072,0.1,0.1
539,1.77696,0.072,0.1,0.1
540,1.7664,0.072,0.1,0.1
541,1.74624,0.073,0.1,0.1
542,1.77312,0.074,0.1,0.1
543,1.8,0.075,0.1,0.1
544,1.81728,0.076,0.1,0.1
545,1.83456,0.077,0.1,0.1
546,1.81344,0.079,0.1,0.1
547,1.79232,0.08,0.1,0.1
548,1.8,0.081,0.1,0.1
549,1.80768,0.083,0.1,0.1
550,1.80288,0.084,0.1,0.1
551,1.79904,0.085,0.1,0.1
552,1.7952,0.086,0.1,0.1
553,1.79424,0.087,0.1,0.1
554,1.81344,0.088,0.1,0.1
555,1.82016,0.089,0.1,0.1
556,1.7664,0.09,0.1,0.1
557,1.75296,0.091,0.1,0.1
558,1.74432,0.092,0.1,0.1
559,1.7424,0.094,0.1,0.1
600,1.68192,0.124,0.023,0
601,1.67712,0.125,0.022,0
602,1.65984,0.125,0.017,0
603,1.66752,0.125,0.011,0
604,1.70112,0.125,0.001,0
605,1.69728,0.124,0,0
606,1.68096,0.123,0,0
607,1.67904,0.122,0,0
608,1.67232,0.12,0,0
609,1.66464,0.119,0,0
610,1.65696,0.118,0,0
611,1.6656,0.116,0,0
612,1.67424,0.115,0,0
613,1.65696,0.114,0,0
614,1.64064,0.112,0,0
615,1.62528,0.111,0,0
616,1.60992,0.11,0,0
617,1.6368,0.108,0,0
618,1.66368,0.107,0,0
619,1.66272,0.105,0,0
620,1.66176,0.104,0,0
621,1.64832,0.103,0,0
622,1.63584,0.101,0,0
623,1.61664,0.1,0,0
624,1.59936,0.099,0,0
625,1.60224,0.097,0,0
626,1.60416,0.096,0.001,0.002
627,1.62144,0.094,0.002,0.005
628,1.63296,0.093,0.003,0.008
629,1.60704,0.092,0.004,0.01
670,1.46976,0.046,0,0
671,1.464,0.045,0,0
672,1.45824,0.045,0,0
673,1.45152,0.044,0,0
674,1.44576,0.043,0,0
675,1.44,0.042,0,0
676,1.43424,0.041,0,0
677,1.42848,0.04,0,0
678,1.42176,0.04,0,0
679,1.41696,0.039,0,0
680,1.41312,0.038,0,0
681,1.41024,0.037,0.001,0
682,1.40736,0.036,0.001,0
683,1.40448,0.035,0.001,0
684,1.4016,0.034,0.001,0
685,1.39872,0.034,0.002,0
686,1.39584,0.033,0.002,0.067
687,1.392,0.032,0.002,0.81
688,1.38912,0.031,0.001,0.65
689,1.38624,0.03,0.001,0.505
690,1.38336,0.03,0.001,0.36
691,1.38048,0.029,0.084,0.325
692,1.3776,0.028,0.196,0.248
693,1.37472,0.027,0.317,0.157
694,1.37184,0.026,0.434,0.068
695,1.36896,0.025,0.53,0.001
696,1.36608,0.024,0.588,0
697,1.3632,0.024,0.621,0
698,1.36032,0.023,0.637,0
699,1.35744,0.022,0.636,0
700,1.35456,0.022,0.602,0
