pi_number,P,I,data_type
PI002400,3.1587,592.382,light-saturated
PI002400,2.6512,385.8946,light-saturated
PI002400,3.0032,423.13,light-saturated
PI002400,2.9715,283.4971,light-saturated
PI002400,3.0136,283.4971,light-saturated
PI002400,2.9602,195.4861,light-saturated
PI002400,2.8028,192.5242,light-saturated
PI002400,2.9436,143.0179,light-saturated
PI002400,2.9098,139.6329,light-saturated
PI002400,2.6373,100.7049,light-saturated
PI002400,3.1579,90.9729,light-saturated
PI002400,3.1466,71.9321,light-saturated
PI002400,2.684,57.5457,light-saturated
PI002400,2.5331,49.0831,light-saturated
PI002400,2.8972,40.6205,light-saturated
PI002400,2.4437,36.8123,light-saturated
PI002400,2.5457,33.1311,light-saturated
PI002400,2.0098,25.8109,light-saturated
PI002400,2.0375,20.7334,light-saturated
PI002400,1.7999,18.8716,light-saturated
PI002400,1.7664,15.6558,light-saturated
PI002400,0.9513,10.2821,light-saturated
PI002400,0.8189,10.1551,light-saturated
PI002400,0.6223,7.6163,light-saturated
PI002400,0.5231,7.1086,light-saturated
PI002400,0.4239,5.6699,light-saturated
PI002400,0.4209,5.1199,light-saturated
PI002400,0.3319,4.1467,light-saturated
PI002400,0.2608,3.8082,light-saturated
PI002400,0.1717,2.4542,light-saturated
PI002400,0.1411,2.4965,light-saturated
PI002400,0.0884,1.6502,light-saturated
PI002400,0.1083,1.7348,light-saturated
PI002400,0.0855,1.1848,light-saturated
PI002400,0.0457,1.1848,light-saturated
PI002400,0.0466,0.8463,light-saturated
PI002400,0.027,0.9309,light-saturated
PI002400,2.5722,579.6881,light-saturated
PI002400,3.1074,528.9125,light-saturated
PI002400,2.7775,412.5518,light-saturated
PI002400,2.6949,444.2865,light-saturated
PI002400,2.3916,268.6876,light-saturated
PI002400,2.4914,340.6197,light-saturated
PI002400,3.1368,220.0276,light-saturated
PI002400,2.8116,253.878,light-saturated
PI002400,2.8405,162.9051,light-saturated
PI002400,2.5264,158.6738,light-saturated
PI002400,2.7134,100.7049,light-saturated
PI002400,2.4729,114.2451,light-saturated
PI002400,2.9051,71.509,light-saturated
PI002400,2.6864,85.4723,light-saturated
PI002400,2.4208,49.9293,light-saturated
PI002400,2.2538,58.8151,light-saturated
PI002400,2.1152,38.0817,light-saturated
PI002400,2.4154,42.7361,light-saturated
PI002400,1.7786,29.196,light-saturated
PI002400,1.9279,27.5035,light-saturated
PI002400,1.562,18.9985,light-saturated
PI002400,1.5006,19.8025,light-saturated
PI002376,2.0443,567.6725,light-saturated
PI002376,2.353,601.426,light-saturated
PI002376,2.0191,463.3435,light-saturated
PI002376,2.2718,472.549,light-saturated
PI002376,2.1801,337.535,light-saturated
PI002376,2.3345,303.7815,light-saturated
PI002376,2.1139,233.206,light-saturated
PI002376,2.3653,216.3293,light-saturated
PI002376,2.0222,151.8908,light-saturated
PI002376,1.9987,145.7538,light-saturated
PI002376,2.1195,95.1235,light-saturated
PI002376,2.1543,101.2605,light-saturated
PI002376,1.93,69.0412,light-saturated
PI002376,1.9517,65.6659,light-saturated
PI002376,1.4477,47.5618,light-saturated
PI002376,1.5262,48.4823,light-saturated
PI002376,1.1652,33.7535,light-saturated
PI002376,1.1335,34.6741,light-saturated
PI002376,0.9096,24.7014,light-saturated
PI002376,0.9666,24.2412,light-saturated
PI002376,0.6486,16.2631,light-saturated
PI002376,0.5866,16.8768,light-saturated
PI002376,0.4566,10.4329,light-saturated
PI002376,0.4707,10.4329,light-saturated
PI002376,0.3545,6.9041,light-saturated
PI002376,0.3634,6.9041,light-saturated
PI002376,0.333,4.9096,light-saturated
PI002376,0.3092,5.063,light-saturated
PI002376,0.2889,2.9151,light-saturated
PI002376,0.2904,3.3754,light-saturated
PI002376,0.2878,2.0559,light-saturated
PI002376,0.2811,2.2093,light-saturated
PI002376,0.2944,1.4729,light-saturated
PI002376,0.2597,1.5956,light-saturated
PI002376,0.2819,1.5956,light-saturated
PI002376,0.2715,1.6263,light-saturated
PI002376,1.9342,721.0975,light-saturated
PI002376,2.092,675.07,light-saturated
PI002376,2.01,607.563,light-saturated
PI002376,2.2026,552.33,light-saturated
PI002376,1.9916,392.768,light-saturated
PI002376,2.0291,414.2475,light-saturated
PI002376,2.0889,234.7403,light-saturated
PI002376,2.1477,279.2335,light-saturated
PI002376,1.9835,153.425,light-saturated
PI002376,2.0102,187.1785,light-saturated
PI002376,2.0475,98.192,light-saturated
PI002376,2.0214,116.603,light-saturated
PI002376,1.9158,68.1207,light-saturated
PI002376,1.8706,75.1783,light-saturated
PI002376,1.7881,46.0275,light-saturated
PI002376,1.6479,48.4823,light-saturated
PI002376,1.3631,32.2193,light-saturated
PI002376,1.375,30.685,light-saturated
PI002376,1.0627,22.7069,light-saturated
PI002376,1.0387,23.0138,light-saturated
PI002376,0.7836,15.9562,light-saturated
PI002376,0.7737,15.0357,light-saturated
PI002393,1.9902,406.2048,light-saturated
PI002393,2.1842,465.443,light-saturated
PI002393,2.2,317.3475,light-saturated
PI002393,2.1848,304.6536,light-saturated
PI002393,2.1355,236.9528,light-saturated
PI002393,1.9548,216.6426,light-saturated
PI002393,2.1366,169.252,light-saturated
PI002393,1.8226,148.0955,light-saturated
PI002393,1.9057,119.7458,light-saturated
PI002393,2.0187,101.5512,light-saturated
PI002393,1.9281,88.8573,light-saturated
PI002393,1.5996,79.1253,light-saturated
PI002393,1.354,61.3539,light-saturated
PI002393,1.1969,55.8532,light-saturated
PI002393,0.7709,42.2284,light-saturated
PI002393,0.9133,44.0055,light-saturated
PI002393,0.5841,30.2538,light-saturated
PI002393,0.4672,32.1579,light-saturated
PI002393,0.2962,22.849,light-saturated
PI002393,0.3003,17.983,light-saturated
PI002393,0.1809,12.6939,light-saturated
PI002393,0.1605,11.086,light-saturated
PI002393,0.1132,9.3089,light-saturated
PI002393,0.1438,6.6855,light-saturated
PI002393,0.1492,6.4316,light-saturated
PI002393,0.1431,4.6121,light-saturated
PI002393,0.0432,3.7659,light-saturated
PI002393,0.0965,2.9619,light-saturated
PI002393,0.1421,2.2003,light-saturated
PI002393,0.0143,1.6079,light-saturated
PI002393,0.0327,1.1848,light-saturated
PI002393,0.0135,1.1425,light-saturated
PI002393,0.0533,0.9309,light-saturated
PI002393,0.1105,0.8886,light-saturated
PI002393,0.0064,0.677,light-saturated
PI002393,0.0274,0.677,light-saturated
PI002393,2.1037,550.069,light-saturated
PI002393,2.1546,444.2865,light-saturated
PI002393,1.7021,440.0552,light-saturated
PI002393,1.9116,296.191,light-saturated
PI002393,1.7535,351.1979,light-saturated
PI002393,1.8746,222.1433,light-saturated
PI002393,1.9223,262.3406,light-saturated
PI002393,1.611,160.7894,light-saturated
PI002393,2.0377,162.9051,light-saturated
PI002393,1.4438,109.1675,light-saturated
PI002393,1.5588,124.4002,light-saturated
PI002393,1.4449,80.3947,light-saturated
PI002393,1.5084,86.3185,light-saturated
PI002393,1.2835,63.4695,light-saturated
PI002393,1.4991,60.5076,light-saturated
PI002393,0.8488,44.0055,light-saturated
PI002393,0.9395,42.313,light-saturated
PI002393,0.5415,30.8885,light-saturated
PI002393,0.4521,32.1579,light-saturated
PI002393,0.3652,22.2143,light-saturated
PI002393,0.3039,19.0409,light-saturated
PI003116,2.81,568.7,light-saturated
PI003116,3.47,480.3,light-saturated
PI003116,2.77,446.6,light-saturated
PI003116,2.67,349.7,light-saturated
PI003116,2.83,286.5,light-saturated
PI003116,2.82,231.7,light-saturated
PI003116,3.11,202.2,light-saturated
PI003116,2.53,176.9,light-saturated
PI003116,2.72,139,light-saturated
PI003116,2.81,141.1,light-saturated
PI003116,2.72,110.4,light-saturated
PI003116,2.79,99,light-saturated
PI003116,2.25,82.2,light-saturated
PI003116,2.67,71.6,light-saturated
PI003116,2.03,63.2,light-saturated
PI003116,2.59,54.8,light-saturated
PI003116,2.01,46.3,light-saturated
PI003116,2.03,43.8,light-saturated
PI003116,1.42,35.4,light-saturated
PI003116,1.33,32,light-saturated
PI003116,0.9,20.2,light-saturated
PI003116,1.03,18.9,light-saturated
PI003116,0.67,15.6,light-saturated
PI003116,0.66,13.5,light-saturated
PI003116,0.29,12,light-saturated
PI003116,0.36,10.5,light-saturated
PI003116,0.2,8.8,light-saturated
PI003116,0.22,8.7,light-saturated
PI003116,0.12,6.2,light-saturated
PI003116,0.06,6,light-saturated
PI003116,0.02,4.2,light-saturated
PI003116,0.03,4.1,light-saturated
PI003116,0,3.2,light-saturated
PI003116,0,2.6,light-saturated
PI003116,0.02,2.6,light-saturated
PI003116,3.23,484.5,light-saturated
PI003116,3.08,560.3,light-saturated
PI003116,3,345.5,light-saturated
PI003116,2.95,442.4,light-saturated
PI003116,3.02,311.8,light-saturated
PI003116,3.39,176.9,light-saturated
PI003116,2.99,227.5,light-saturated
PI003116,3.14,143.2,light-saturated
PI003116,2.89,155.9,light-saturated
PI003116,2.77,105.3,light-saturated
PI003116,2.67,86.4,light-saturated
PI003116,2.53,63.2,light-saturated
PI003116,2.51,69.5,light-saturated
PI003116,2.09,46.3,light-saturated
PI003116,1.9,48.4,light-saturated
PI003116,1.57,35,light-saturated
PI003116,1.8,35,light-saturated
PI002366,2.5964,659.7275,photoinhibition
PI002366,2.2591,721.0975,photoinhibition
PI002366,2.7253,583.015,photoinhibition
PI002366,2.6848,398.905,photoinhibition
PI002366,2.8411,444.9325,photoinhibition
PI002366,2.7717,276.165,photoinhibition
PI002366,2.7761,322.1925,photoinhibition
PI002366,2.7741,204.0553,photoinhibition
PI002366,2.9888,227.069,photoinhibition
PI002366,2.6653,144.2195,photoinhibition
PI002366,2.8053,159.562,photoinhibition
PI002366,2.8033,104.329,photoinhibition
PI002366,2.4338,113.5345,photoinhibition
PI002366,2.4864,75.1783,photoinhibition
PI002366,2.6143,79.781,photoinhibition
PI002366,2.0535,56.7673,photoinhibition
PI002366,2.2028,61.37,photoinhibition
PI002366,1.6498,42.0385,photoinhibition
PI002366,1.858,44.4933,photoinhibition
PI002366,1.2801,31.9124,photoinhibition
PI002366,1.4149,31.2987,photoinhibition
PI002366,0.5996,21.4795,photoinhibition
PI002366,0.8966,21.7864,photoinhibition
PI002366,0.4749,14.422,photoinhibition
PI002366,0.5212,13.5014,photoinhibition
PI002366,0.2604,10.1261,photoinhibition
PI002366,0.3109,9.5124,photoinhibition
PI002366,0.1568,7.0576,photoinhibition
PI002366,0.1861,6.4439,photoinhibition
PI002366,0.0463,4.7562,photoinhibition
PI002366,0.0668,4.2959,photoinhibition
PI002366,0.0312,3.2526,photoinhibition
PI002366,0.0617,2.8537,photoinhibition
PI002366,0.003,2.24,photoinhibition
PI002366,0.0139,1.9332,photoinhibition
PI002366,0.0099,1.657,photoinhibition
PI002366,0.0149,1.2581,photoinhibition
PI002366,2.6844,721.0975,photoinhibition
PI002366,2.1752,659.7275,photoinhibition
PI002366,2.7411,629.0425,photoinhibition
PI002366,2.5147,552.33,photoinhibition
PI002366,2.5925,337.535,photoinhibition
PI002366,2.812,391.2338,photoinhibition
PI002366,2.6982,184.11,photoinhibition
PI002366,2.2863,251.617,photoinhibition
PI002366,2.4513,115.0688,photoinhibition
PI002366,2.6013,153.425,photoinhibition
PI002366,2.8401,79.781,photoinhibition
PI002366,2.468,99.7262,photoinhibition
PI002366,2.4613,56.7673,photoinhibition
PI002366,2.3137,69.0412,photoinhibition
PI002366,2.2432,38.3563,photoinhibition
PI002366,2.3707,44.4933,photoinhibition
PI002366,2.4506,25.4686,photoinhibition
PI002366,2.0584,30.3782,photoinhibition
PI002366,1.828,17.4905,photoinhibition
PI002366,1.3048,19.9453,photoinhibition
PI002366,1.3188,11.3535,photoinhibition
PI002366,1.3155,13.8083,photoinhibition
PI002376,2.0443,567.6725,light-saturated
PI002376,2.353,601.426,light-saturated
PI002376,2.0191,463.3435,light-saturated
PI002376,2.2718,472.549,light-saturated
PI002376,2.1801,337.535,light-saturated
PI002376,2.3345,303.7815,light-saturated
PI002376,2.1139,233.206,light-saturated
PI002376,2.3653,216.3293,light-saturated
PI002376,2.0222,151.8908,light-saturated
PI002376,1.9987,145.7538,light-saturated
PI002376,2.1195,95.1235,light-saturated
PI002376,2.1543,101.2605,light-saturated
PI002376,1.93,69.0412,light-saturated
PI002376,1.9517,65.6659,light-saturated
PI002376,1.4477,47.5618,light-saturated
PI002376,1.5262,48.4823,light-saturated
PI002376,1.1652,33.7535,light-saturated
PI002376,1.1335,34.6741,light-saturated
PI002376,0.9096,24.7014,light-saturated
PI002376,0.9666,24.2412,light-saturated
PI002376,0.6486,16.2631,light-saturated
PI002376,0.5866,16.8768,light-saturated
PI002376,0.4566,10.4329,light-saturated
PI002376,0.4707,10.4329,light-saturated
PI002376,0.3545,6.9041,light-saturated
PI002376,0.3634,6.9041,light-saturated
PI002376,0.333,4.9096,light-saturated
PI002376,0.3092,5.063,light-saturated
PI002376,0.2889,2.9151,light-saturated
PI002376,0.2904,3.3754,light-saturated
PI002376,0.2878,2.0559,light-saturated
PI002376,0.2811,2.2093,light-saturated
PI002376,0.2944,1.4729,light-saturated
PI002376,0.2597,1.5956,light-saturated
PI002376,0.2819,1.5956,light-saturated
PI002376,0.2715,1.6263,light-saturated
PI002376,1.9342,721.0975,light-saturated
PI002376,2.092,675.07,light-saturated
PI002376,2.01,607.563,light-saturated
PI002376,2.2026,552.33,light-saturated
PI002376,1.9916,392.768,light-saturated
PI002376,2.0291,414.2475,light-saturated
PI002376,2.0889,234.7403,light-saturated
PI002376,2.1477,279.2335,light-saturated
PI002376,1.9835,153.425,light-saturated
PI002376,2.0102,187.1785,light-saturated
PI002376,2.0475,98.192,light-saturated
PI002376,2.0214,116.603,light-saturated
PI002376,1.9158,68.1207,light-saturated
PI002376,1.8706,75.1783,light-saturated
PI002376,1.7881,46.0275,light-saturated
PI002376,1.6479,48.4823,light-saturated
PI002376,1.3631,32.2193,light-saturated
PI002376,1.375,30.685,light-saturated
PI002376,1.0627,22.7069,light-saturated
PI002376,1.0387,23.0138,light-saturated
PI002376,0.7836,15.9562,light-saturated
PI002376,0.7737,15.0357,light-saturated
PI002413,1.4742,528.9125,photoinhibition
PI002413,1.2755,592.382,photoinhibition
PI002413,1.8573,372.3544,photoinhibition
PI002413,1.9113,469.6743,photoinhibition
PI002413,1.8355,216.2194,photoinhibition
PI002413,1.9757,250.9161,photoinhibition
PI002413,1.8425,105.5709,photoinhibition
PI002413,1.8631,148.0955,photoinhibition
PI002413,1.8475,62.6232,photoinhibition
PI002413,1.7857,71.0858,photoinhibition
PI002413,1.4489,37.6586,photoinhibition
PI002413,1.5911,35.9661,photoinhibition
PI002413,1.2171,22.0028,photoinhibition
PI002413,1.1527,20.7334,photoinhibition
PI002413,0.7813,14.8519,photoinhibition
PI002413,0.8229,13.3286,photoinhibition
PI002413,0.4908,9.1396,photoinhibition
PI002413,0.5212,8.4626,photoinhibition
PI002413,0.294,5.2468,photoinhibition
PI002413,0.3118,5.7546,photoinhibition
PI002413,0.2009,3.4274,photoinhibition
PI002413,0.1899,3.2158,photoinhibition
PI002413,0.0928,1.481,photoinhibition
PI002413,0.127,1.6079,photoinhibition
PI002413,0.0639,1.0578,photoinhibition
PI002413,0.0738,1.0155,photoinhibition
PI002413,0.0508,0.5924,photoinhibition
PI002413,0.0423,0.5924,photoinhibition
PI002413,0.0385,0.4231,photoinhibition
PI002413,0.0338,0.3808,photoinhibition
PI002413,0.0167,0.2116,photoinhibition
PI002413,0.0136,0.2539,photoinhibition
PI002413,0.0153,0.1693,photoinhibition
PI002413,0.011,0.1693,photoinhibition
PI002413,0.0144,0.1269,photoinhibition
PI002413,0.0187,0.1269,photoinhibition
PI002413,0.0193,0.0846,photoinhibition
PI002413,0.0123,0.0846,photoinhibition
PI002413,1.2617,571.2255,photoinhibition
PI002413,1.487,533.1438,photoinhibition
PI002413,1.7218,401.9735,photoinhibition
PI002413,1.7164,368.1231,photoinhibition
PI002413,1.8575,205.2181,photoinhibition
PI002413,1.7988,237.7991,photoinhibition
PI002413,1.7819,126.939,photoinhibition
PI002413,2.0488,117.6301,photoinhibition
PI002413,1.728,69.3933,photoinhibition
PI002413,1.7958,66.4314,photoinhibition
PI002413,1.5436,41.0436,photoinhibition
PI002413,1.5358,39.8588,photoinhibition
PI002413,1.2381,22.6798,photoinhibition
PI002413,1.2224,20.6911,photoinhibition
PI002413,0.8175,15.3173,photoinhibition
PI002413,0.8341,14.3018,photoinhibition
PI002413,0.4489,9.0973,photoinhibition
PI002413,0.4955,7.6163,photoinhibition
PI002413,0.2991,5.4161,photoinhibition
PI002413,0.3409,5.0776,photoinhibition
PI002413,0.2157,3.5543,photoinhibition
PI002413,0.2048,3.2158,photoinhibition
PI002788,0.0885,1193,photoinhibition
PI002788,0.1519,1062,photoinhibition
PI002788,0.2487,1058,photoinhibition
PI002788,0.183,977,photoinhibition
PI002788,0.2137,880,photoinhibition
PI002788,0.3109,876,photoinhibition
PI002788,0.2313,825,photoinhibition
PI002788,0.4371,804,photoinhibition
PI002788,0.4745,647,photoinhibition
PI002788,0.4956,618,photoinhibition
PI002788,1.0137,537,photoinhibition
PI002788,1.0867,533,photoinhibition
PI002788,1.0557,495,photoinhibition
PI002788,1.0777,423,photoinhibition
PI002788,1.3511,381,photoinhibition
PI002788,1.3934,377,photoinhibition
PI002788,1.2606,339,photoinhibition
PI002788,1.3934,294,photoinhibition
PI002788,1.2952,255,photoinhibition
PI002788,1.2536,241,photoinhibition
PI002788,1.5263,210,photoinhibition
PI002788,1.2269,184,photoinhibition
PI002788,1.3522,163,photoinhibition
PI002788,1.404,157,photoinhibition
PI002788,1.2454,136,photoinhibition
PI002788,1.3762,131,photoinhibition
PI002788,1.3924,127,photoinhibition
PI002788,1.4558,123,photoinhibition
PI002788,1.5173,88,photoinhibition
PI002788,1.2935,88,photoinhibition
PI002788,1.2522,88,photoinhibition
PI002788,1.3952,83,photoinhibition
PI002788,1.2678,68,photoinhibition
PI002788,1.2762,67,photoinhibition
PI002788,1.3271,61,photoinhibition
PI002788,1.5194,60,photoinhibition
PI002788,1.2142,51,photoinhibition
PI002788,1.1846,49,photoinhibition
PI002788,0.9516,49,photoinhibition
PI002788,1.2668,44,photoinhibition
PI002788,1.0466,37,photoinhibition
PI002788,1.007,37,photoinhibition
PI002788,0.9403,36,photoinhibition
PI002788,1.0294,35,photoinhibition
PI002788,0.6466,22,photoinhibition
PI002788,0.6955,22,photoinhibition
PI002788,0.5059,16,photoinhibition
PI002788,0.4897,16,photoinhibition
PI002788,0.3527,11,photoinhibition
PI002788,0.3674,11,photoinhibition
PI002788,0.279,8,photoinhibition
PI002788,0.2467,8,photoinhibition
PI002788,0.1247,4,photoinhibition
PI002788,0.1152,4,photoinhibition
PI002788,0.0682,3,photoinhibition
PI002788,0.0638,3,photoinhibition
PI002788,0.0162,2,photoinhibition
PI002788,0.032,2,photoinhibition
PI002788,0.0488,2,photoinhibition
PI002788,0.0195,2,photoinhibition
PI002794,0.1583,1206,photoinhibition
PI002794,0.1448,1172,photoinhibition
PI002794,0.1359,1003,photoinhibition
PI002794,0.203,961,photoinhibition
PI002794,0.2138,889,photoinhibition
PI002794,0.2824,791,photoinhibition
PI002794,0.2015,791,photoinhibition
PI002794,0.2707,690,photoinhibition
PI002794,0.448,614,photoinhibition
PI002794,0.5764,592,photoinhibition
PI002794,0.3625,592,photoinhibition
PI002794,0.9022,542,photoinhibition
PI002794,0.8046,508,photoinhibition
PI002794,1.2471,453,photoinhibition
PI002794,1.1774,415,photoinhibition
PI002794,1.4702,343,photoinhibition
PI002794,1.2066,313,photoinhibition
PI002794,1.6275,294,photoinhibition
PI002794,1.5644,262,photoinhibition
PI002794,1.6748,248,photoinhibition
PI002794,1.4731,214,photoinhibition
PI002794,1.5793,203,photoinhibition
PI002794,1.7463,178,photoinhibition
PI002794,1.4449,171,photoinhibition
PI002794,1.5731,135,photoinhibition
PI002794,1.5986,125,photoinhibition
PI002794,1.6252,121,photoinhibition
PI002794,1.5007,121,photoinhibition
PI002794,1.6039,99,photoinhibition
PI002794,1.4052,95,photoinhibition
PI002794,1.4738,94,photoinhibition
PI002794,1.4538,93,photoinhibition
PI002794,1.6579,73,photoinhibition
PI002794,1.5099,70,photoinhibition
PI002794,1.5311,68,photoinhibition
PI002794,1.4951,62,photoinhibition
PI002794,1.3804,57,photoinhibition
PI002794,1.1831,47,photoinhibition
PI002794,1.3644,47,photoinhibition
PI002794,1.3213,46,photoinhibition
PI002794,1.3083,40,photoinhibition
PI002794,1.1168,35,photoinhibition
PI002794,1.2779,35,photoinhibition
PI002794,1.1037,34,photoinhibition
PI002794,0.7455,22,photoinhibition
PI002794,0.7325,22,photoinhibition
PI002794,0.5245,16,photoinhibition
PI002794,0.5272,15,photoinhibition
PI002794,0.3204,13,photoinhibition
PI002794,0.3304,11,photoinhibition
PI002794,0.2167,8,photoinhibition
PI002794,0.2435,8,photoinhibition
PI002794,0.1285,5,photoinhibition
PI002794,0.1291,5,photoinhibition
PI002794,0.0585,4,photoinhibition
PI002794,0.0727,3,photoinhibition
PI002794,0.0315,3,photoinhibition
PI002794,0.0302,2,photoinhibition
PI002794,0.0402,2,photoinhibition
PI002794,0.0555,2,photoinhibition